<?xml version="1.0" encoding="UTF-8"?>
<beans xmlns="http://www.springframework.org/schema/beans"
       xmlns:context="http://www.springframework.org/schema/context" xmlns:p="http://www.springframework.org/schema/p"
       xmlns:aop="http://www.springframework.org/schema/aop" xmlns:tx="http://www.springframework.org/schema/tx"
       xmlns:xsi="http://www.w3.org/2001/XMLSchema-instance"
       xsi:schemaLocation="http://www.springframework.org/schema/beans http://www.springframework.org/schema/beans/spring-beans-4.0.xsd
	http://www.springframework.org/schema/context http://www.springframework.org/schema/context/spring-context-4.0.xsd
	http://www.springframework.org/schema/aop http://www.springframework.org/schema/aop/spring-aop-4.0.xsd http://www.springframework.org/schema/tx http://www.springframework.org/schema/tx/spring-tx-4.0.xsd
	http://www.springframework.org/schema/util http://www.springframework.org/schema/util/spring-util-4.0.xsd">

  <!-- 事务管理器 -->
  <bean id="transactionManager"
        class="org.springframework.jdbc.datasource.DataSourceTransactionManager">
    <!-- 数据源 -->
    <property name="dataSource" ref="dataSource" />
  </bean>

  <!-- 通知 -->
  <tx:advice id="txAdvice" transaction-manager="transactionManager">
    <tx:attributes>
      <!-- 传播行为 -->
      <tx:method name="save*" propagation="REQUIRED" />
      <tx:method name="insert*" propagation="REQUIRED" />
      <tx:method name="add*" propagation="REQUIRED" />
      <tx:method name="create*" propagation="REQUIRED" />
      <tx:method name="delete*" propagation="REQUIRED" />
      <tx:method name="update*" propagation="REQUIRED" />
      <tx:method name="find*" propagation="SUPPORTS" read-only="true" />
      <tx:method name="select*" propagation="SUPPORTS" read-only="true" />
      <tx:method name="get*" propagation="SUPPORTS" read-only="true" />
    </tx:attributes>
  </tx:advice>

  <!-- 切面 -->
  <aop:config>
    <aop:advisor advice-ref="txAdvice"
                 pointcut="execution(* com.vansl.service.*.*(..))" />
  </aop:config>

</beans>