<?xml version="1.0" encoding="UTF-8"?>
<beans xmlns="http://www.springframework.org/schema/beans"
       xmlns:context="http://www.springframework.org/schema/context" xmlns:p="http://www.springframework.org/schema/p"
       xmlns:aop="http://www.springframework.org/schema/aop" xmlns:tx="http://www.springframework.org/schema/tx"
       xmlns:xsi="http://www.w3.org/2001/XMLSchema-instance"
       xsi:schemaLocation="http://www.springframework.org/schema/beans http://www.springframework.org/schema/beans/spring-beans-4.0.xsd
        http://www.springframework.org/schema/context http://www.springframework.org/schema/context/spring-context-4.0.xsd
        http://www.springframework.org/schema/aop http://www.springframework.org/schema/aop/spring-aop-4.0.xsd http://www.springframework.org/schema/tx http://www.springframework.org/schema/tx/spring-tx-4.0.xsd
        http://www.springframework.org/schema/util http://www.springframework.org/schema/util/spring-util-4.0.xsd">

  <!-- 加载数据库配置文件 -->
  <context:property-placeholder location="classpath:config/db.properties" ignore-unresolvable="true" />

  <!-- 数据库连接池 -->
  <bean id="dataSource" class="org.apache.commons.dbcp.BasicDataSource" destroy-method="close">
    <!-- 使用配置文件的配置 -->
    <property name="driverClassName" value="${jdbc.driver}" />
    <property name="url" value="${jdbc.url}" />
    <property name="username" value="${jdbc.username}" />
    <property name="password" value="${jdbc.password}" />
    <property name="initialSize" value="10" />
    <property name="maxActive" value="10" />
    <property name="maxIdle" value="20" />
    <property name="minIdle" value="5" />
  </bean>

  <!-- 配置sqlsessionFactory -->
  <bean id="sqlSessionFactory" class="org.mybatis.spring.SqlSessionFactoryBean">
    <!-- 加载配置文件 -->
    <property name="configLocation" value="classpath:mybatis/SqlMapConfig.xml"></property>
    <property name="dataSource" ref="dataSource"></property>
    <!-- 自动扫描mapper.xml文件 -->
    <property name="mapperLocations" value="classpath*:com/vansl/mapper/*.xml"></property>
  </bean>

  <!-- 自动扫描dao接口并实例化 -->
  <bean class="org.mybatis.spring.mapper.MapperScannerConfigurer">
    <property name="basePackage" value="com.vansl.dao"></property>
  </bean>

</beans>