<?xml version="1.0" encoding="UTF-8"?>
<beans xmlns="http://www.springframework.org/schema/beans"
       xmlns:xsi="http://www.w3.org/2001/XMLSchema-instance" xmlns:p="http://www.springframework.org/schema/p"
       xmlns:context="http://www.springframework.org/schema/context"
       xmlns:mvc="http://www.springframework.org/schema/mvc"
       xsi:schemaLocation="http://www.springframework.org/schema/beans http://www.springframework.org/schema/beans/spring-beans.xsd
        http://www.springframework.org/schema/mvc http://www.springframework.org/schema/mvc/spring-mvc-4.0.xsd
        http://www.springframework.org/schema/context http://www.springframework.org/schema/context/spring-context.xsd">

  <!-- 启用自动扫描 -->
  <context:component-scan base-package="com.vansl.controller" />

  <!-- 设置配置方案 -->
  <mvc:annotation-driven>
    <mvc:message-converters register-defaults="true">
      <!--设置返回普通字符串时的编码-->
      <bean class="org.springframework.http.converter.StringHttpMessageConverter">
        <constructor-arg value="UTF-8" />
      </bean>
    </mvc:message-converters>
  </mvc:annotation-driven>

  <!-- 视图解析器 -->
  <bean class="org.springframework.web.servlet.view.InternalResourceViewResolver">
    <property name="prefix" value="/WEB-INF/views/" />
    <property name="suffix" value=".jsp" />
  </bean>

  <!-- 静态资源映射 -->
  <mvc:resources location="/WEB-INF/statics/css/" mapping="/css/**"/>
  <mvc:resources location="/WEB-INF/statics/js/" mapping="/js/**"/>
  <mvc:resources location="/WEB-INF/statics/images/" mapping="/images/**"/>
  <mvc:resources location="/WEB-INF/statics/layui/" mapping="/layui/**"/>
  <mvc:resources location="/WEB-INF/statics/html/" mapping="/html/**"/>
  <mvc:resources location="/WEB-INF/statics/ueditor/" mapping="/ueditor/**" />

  <!--文件上传解析器 -->
  <bean id="multipartResolver"
        class="org.springframework.web.multipart.commons.CommonsMultipartResolver">
    <!-- 设定默认编码 -->
    <property name="defaultEncoding" value="UTF-8"></property>
    <!-- 设定文件上传的最大值500MB，500*1024*1024 -->
    <property name="maxUploadSize" value="522752000"></property>
  </bean>

  <mvc:interceptors>
    <!-- 文章图片变化处理拦截器 -->
    <mvc:interceptor>
      <mvc:mapping path="/blog/**" />
      <bean class="com.vansl.interceptor.BlogImgInterceptor" />
    </mvc:interceptor>
  </mvc:interceptors>

</beans>